{"rotation_deg": 9.87429407373947, "rotation_origin": [-8366255.070183942, 4857984.215148016]}