{"rotation_deg": 10.030392708476617, "rotation_origin": [-8367482.525133908, 4856874.4549700115]}