{"rotation_deg": 10.316661311410959, "rotation_origin": [-8367482.851778302, 4856874.54287896]}